Name,Address,Website
BIKERO BOŘISLAVKA,Evropská 866; 160 00 Praha 6,https://www.bikero.cz/borislavka/
BIKERO BRANDÝS NAD LABEM,Královická; 250 01 Brandýs nad Labem,https://www.bikero.cz/brandys-n-l/
BIKERO LIBEREC,Svobody 73/76; 460 15 Liberec — Starý Harcov,https://www.bikero.cz/liberec/
SVĚT-ELEKTROKOL.CZ,Palackého třída 164; Brno,https://www.svet-elektrokol.cz/
Cyklo Vondráček,K.H.Borovského 2172; 35601 Sokolov,https://www.cyklo-vondracek.cz/
Cyklo Vondráček,Závodu Míru 851; 36017 Karlovy Vary — Stará Role,https://www.cyklo-vondracek.cz/
SPORT BÍLEK,Hlavní třída 700 Úšovice; Mariánské Lázně,https://www.sport-bilek.cz/
CykloGaráž.cz,Na Kopečku 132; 280 02 Ovčáry — Kolín,https://cyklogaraz.cz/
BRONEC SPORT,Prosečská 5221; 468 04 Jablonec nad Nisou,https://www.bronecsport.cz/
KOLOMAT,Vítězná 2760/1; 78701 Šumperk,https://www.kolomat.cz/
BIKERO BRUMLOVKA,Vyskočilova 1422/1A; 140 00 Praha 4 — Michle,https://www.bikero.cz/brumlovka/
BIKERO Hradec Králové,Nám. 5. května 835/10; 500 02 Hradec Králové,https://www.bikero.cz/hradec-kralove/
BIKERO BRNO,Hrnčířská 573/6; 602 00 Brno — Královo Pole,https://www.bikero.cz/brno/
SVĚT-ELEKTROKOL.CZ,Trousilova 2; 18200 Praha 8,https://www.svetelektrokol.cz/
Cyklo Vondráček,K.Světlé 1934; 43001 Chomutov,https://www.cyklo-vondracek.cz/
ŽIVOT S BICYKLOM,Čsl. armády 6; 93401 Levice,https://zivotsbicyklom.sk/
MTBIKER.shop,Hrádok 225; 91633 Hrádok,https://www.mtbiker.sk/
TOP CYKLO,Svatoborská 1423/101a; 69701 Kyjov,https://www.top-cyklo.cz/
ELEKTROKOLA.cz,Petrovice 71; 592 31 Nové Město na Moravě,https://www.elektrokola.cz/
KOLOSHOP.CZ,Míru 577; 41731 Teplice — Novosedlice,https://www.koloshop.cz/
BIKERO HOLEŠOVICE,Jankovcova 1566/2b; 170 00 Praha 7 — Holešovice,https://www.bikero.cz/holesovice/
BIKERO JABLONEC NAD NISOU,Pražská 608/109; 466 01 Jablonec nad Nisou,https://www.bikero.cz/jablonec/
BIKERO MLADÁ BOLESLAV,City-Market, Kosmonosy 1237; 293 06 Kosmonosy,https://www.bikero.cz/mlada-boleslav/
e-kolo-praha,Počernická 87; 10800 Praha,https://www.e-kolo-praha.cz/
Cyklo Vondráček,Šumavská 1737/30; 36001 Karlovy Vary — Tuhnice,https://www.cyklo-vondracek.cz/
AKUMO.CZ,Brozánky 83; 276 01 Mělník,https://www.akumo.cz/
ekolo.cz,K letišti 2/1151; 16100 Praha 6,https://ekolo.cz/
Highland Sport Havlíčkův Brod,Jihlavská 248; 58001 Havlíčkův Brod,https://www.highland-sport.cz/
Kola Šilhavý,Přemyslova 134/29; 30100 Plzeň,https://www.ramala-silhavy.cz/